{
  "apps" : [{
    "name"      : "easy-1",
    "script"    : "main.js",
    "instances" : 2,
    "exec_mode"  : "cluster",
    "env_production": {
      "NODE_ENV": "production"
    }
  }],
  "deploy" : {
    "production" : {
      "user" : "juriy",
      "host" : "nanogram.io",
      "repo" : "https://github.com/Juriy/easyio.git",
      "ref"  : "origin/master",
      "path" : "/home/juriy/easyio",
      "post-deploy" : "npm install && pm2 startOrRestart ecosystem.json --env production"
    }
  }
}